elapsed_seconds,rss_bytes,vms_bytes
1.2500095181167126e-07,606208,419907584000
1.0002122500009136,93765632,445955358720
2.001728916002321,134053888,446315855872
3.0069468330038944,124780544,446315872256
4.015204790994176,127221760,446237605888
5.020387415992445,127369216,446242521088
6.024627416001749,127598592,446242013184
7.025774665991776,126812160,446242013184
8.029406749992631,126255104,446242013184
9.034582457999932,125911040,446242013184
10.037973415994202,125911040,446241439744
11.041223833002732,125812736,446241439744
12.044158999997308,125796352,446241439744
13.049140000002808,124190720,446241439744
14.052646374999313,124256256,446241439744
15.054568166000536,124420096,446241439744
16.058069040998816,122945536,446241472512
17.061625457994523,126500864,446241931264
18.06621137500042,123863040,446241931264
19.076704457998858,119881728,446241931264
20.08187470799021,119324672,446241931264
21.0855041659961,119783424,446241931264
22.09072979100165,119980032,446241931264
23.091790207996382,107954176,446241931264
24.096953125001164,102449152,446242979840
25.102280708000762,102547456,446242979840
26.10750412500056,102498304,446242979840
27.10819937499764,102629376,446242979840
28.11342212499585,103202816,446242979840
29.118617457992514,103219200,446242979840
30.12378508299298,103202816,446242979840
31.124980499997037,103923712,446242979840
32.12859854099224,105660416,446242979840
33.133801749994745,105791488,446242979840
34.138960500000394,105725952,446242979840
35.141552290995605,105791488,446242979840
36.143795625001076,105660416,446242979840
37.1489883329923,105758720,446242406400
38.15414400000009,105693184,446242979840
39.15835270799289,105693184,446242979840
40.1595892500045,105693184,446242979840
41.16072487499332,105693184,446242979840
42.165919457998825,105693184,446242979840
43.17109200000414,105693184,446242979840
44.1751015829941,105660416,446242979840
45.17569733299024,105529344,446242979840
46.18096970800252,105594880,446242979840
47.18283958299435,105562112,446242979840
48.188022540998645,105562112,446242979840
49.19319112499943,104923136,446242979840
50.19835495800362,104955904,446242979840
51.19954533300188,104857600,446242979840
52.20469774999947,104857600,446242979840
53.20987341599539,103989248,446242979840
54.215062749994104,103972864,446242979840
55.216233707993524,103776256,446242979840
56.22136187499564,103825408,446242979840
57.225106040990795,103694336,446242979840
58.23037383299379,103743488,446242979840
59.23295750000398,103809024,446242979840
60.238136207990465,103694336,446242979840
61.24179966599331,103694336,446242979840
62.24551595799858,103645184,446242979840
63.249663124996005,103677952,446242979840
64.25484479099396,103579648,446242979840
65.25850333299604,103579648,446242979840
66.26361391600221,103579648,446242979840
67.26872391600045,103530496,446242979840
68.2739124159998,103432192,446242979840
69.2768492079922,103464960,446242979840
70.28205420800077,103481344,446242979840
71.28724129099282,103530496,446242979840
72.29190908299643,102383616,446242979840
73.29328462500416,102416384,446242979840
74.29615408300015,102350848,446242979840
75.30131587499636,102629376,446242979840
76.30372687499039,100990976,446242979840
77.30875137499243,101007360,446242979840
78.31136341599631,100827136,446242979840
79.31657179100148,100728832,446242979840
80.32057133299531,101105664,446242406400
81.3254639999941,101171200,446242406400
82.32855770799506,102481920,446242979840
83.33443616599834,102449152,446242979840
84.33626124999137,102055936,446242979840
85.34141508299217,102154240,446242979840
86.34659983299207,102531072,446242979840
87.35179874999449,102645760,446242979840
88.35696799999278,102547456,446242979840
89.35887762499624,102465536,446242979840
90.40239287499571,70221824,446242979840
91.41086829100095,73318400,446242979840
92.41549170800135,73154560,446243553280
93.42012424999848,72712192,446243553280
94.42546104099893,73023488,446243553280
95.43062604099396,73318400,446243553280
96.43340916599846,73351168,446243553280
97.4367568329908,73252864,446247747584
98.43779949999589,72548352,446247747584
99.44232649999321,70451200,446247747584
100.45574041600048,70189056,446247747584
101.45893079099187,73875456,446247747584
102.46416945799137,74006528,446247747584
103.46938995800156,71811072,446247747584
104.47494829099742,71925760,446247747584
105.47564516599232,71843840,446247747584
106.47793962499418,71467008,446247174144
107.48315354099032,70549504,446247174144
108.48835433299246,70352896,446247174144
109.49237362499116,69058560,446247174144
110.51694254099857,68943872,446247174144
111.52230512499227,68583424,446247174144
112.5257056249975,68861952,446247174144
113.53092079100315,68665344,446247174144
114.53609804100415,69124096,446246600704
115.54132999999274,69124096,446246600704
116.54249912500381,69304320,446247174144
117.54365774999314,69304320,446247174144
118.54753179100226,69304320,446247174144
119.55267874999845,69107712,446247174144
120.55532737499743,68632576,446247174144
121.55924541599234,67551232,446247174144
122.56152274999477,66584576,446247174144
123.56675958300184,66584576,446247174144
124.56698299999698,65732608,446247174144
125.57215137500316,64880640,446247174144
126.57557533300132,64716800,446247174144
127.57941725000273,64716800,446247174144
128.58293162500195,64815104,446247174144
129.5847797079914,64258048,446247174144
130.58799845799513,63963136,446247174144
131.59268833299575,64094208,446247174144
132.59413441599463,64094208,446247174144
133.59930412500398,63963136,446247174144
134.60056879099284,64405504,446247174144
135.60363220800355,64356352,446247174144
136.60898729099426,64585728,446247174144
137.61140220800007,64126976,446247174144
138.62151658299263,62193664,446247174144
139.62617945799138,62537728,446247174144
140.6309382909967,62767104,446247174144
141.63660299999174,62570496,446247174144
142.64129945800232,62275584,446247174144
143.64567112499208,62210048,446247174144
144.65069774999574,62210048,446247174144
145.65585720799572,62472192,446247174144
146.6586227910011,62423040,446247174144
147.66317816599621,62226432,446247174144
148.66830804100027,59736064,446247174144
149.67346137500135,58179584,446247174144
150.6781831249973,58130432,446247174144
151.68368712499796,57901056,446247174144
152.68913991599402,57786368,446247174144
153.69298987499496,57311232,446247174144
154.69698887500272,57278464,446247174144
155.70257245800167,57294848,446247174144
156.70394554099767,57278464,446247174144
157.70917966599518,57278464,446247174144
158.7097504580015,57393152,446247174144
159.71492274999036,57409536,446247174144
160.71941358299227,57262080,446247174144
161.7205636659928,57442304,446247174144
162.720937666003,57442304,446247174144
163.72630162499263,57442304,446247174144
164.7279814999929,57475072,446247174144
165.7331107499922,57442304,446247174144
166.73578524999903,57458688,446247174144
167.74154583299241,54640640,446247174144
168.7421868329984,53985280,446247174144
169.74475937499665,54263808,446247174144
170.7491388329945,53985280,446247174144
171.750953499999,54132736,446247174144
172.7582195409923,53985280,446247174144
173.76706924999598,54001664,446247174144
174.76984879099473,54050816,446247174144
175.77172108300147,54099968,446247174144
176.77885441599938,54362112,446247174144
177.78330166600063,54624256,446247174144
178.78861358299037,52609024,446247174144
179.7963375410036,52838400,446247174144
180.7982984160044,52527104,446247174144
181.80371999999625,52559872,446247174144
182.80589754099492,52740096,446247174144
183.818675040995,52625408,446247174144
184.82477158299298,52559872,446247174144
185.82872016599867,52609024,446247174144
186.83513404100086,52625408,446247174144
187.8425815829978,52641792,446247174144
188.84860245799064,52772864,446247174144
189.86399374999746,52527104,446247174144
190.87826216599206,52510720,446247174144
191.8810488750023,52461568,446247174144
192.88523079099832,52822016,446246600704
193.89543804099958,52592640,446246600704
194.90143445799185,52625408,446247174144
195.90373766599805,52494336,446247174144
196.90638491600112,52527104,446247174144
197.91871308299596,52461568,446247174144
198.92713808300323,52953088,446247174144
199.93296404099965,52985856,446247174144
200.93638970800384,53297152,446247174144
201.9375954999996,52871168,446247174144
202.94324445800157,52805632,446247174144
203.94957949999662,52871168,446247174144
204.94975891600188,53329920,446247174144
205.95141529099783,53280768,446247174144
206.95564970799023,52756480,446247174144
207.95945658299024,52527104,446247174144
208.96243604099436,52477952,446247174144
209.96402391599258,52805632,446247174144
210.96718545799376,52822016,446247174144
211.9714816249907,52822016,446247174144
212.9766350830032,52854784,446247174144
213.97838495799806,52854784,446247174144
214.9836725829955,52838400,446247174144
215.98476133299118,52772864,446247174144
216.98978970799362,52543488,446247174144
217.99483320799482,52838400,446247174144
219.00015970799723,52772864,446247174144
220.00578370799485,52428800,446247174144
221.01046925000264,51986432,446247174144
222.01457400000072,52002816,446247174144
223.01973170800193,52002816,446247174144
224.02489441599755,52019200,446247174144
225.02825908300292,52019200,446247174144
226.02880050000385,52019200,446247174144
227.034072208,52035584,446247174144
228.03681804100052,51953664,446247174144
229.0377027499926,51986432,446247174144
230.03801874999772,51986432,446247174144
231.04320437500428,51986432,446247174144
232.04502383299405,52002816,446247174144
233.05039166599454,52232192,446247174144
234.0545794159989,52232192,446247174144
235.05973174999235,52035584,446247174144
236.06070791599632,52035584,446247174144
237.06171279099362,51838976,446247174144
238.06801641600032,51691520,446247174144
239.0684560410009,51707904,446247174144
240.07245183299528,51707904,446247174144
241.07747370799189,51740672,446247174144
242.07822895799472,51609600,446247174144
243.0791494580044,51658752,446247174144
244.08448616600072,51560448,446247174144
245.0886544160021,51576832,446247174144
246.09312266600318,51560448,446247174144
247.0940830000036,52117504,446247747584
248.09680291599943,52101120,446247747584
249.09744233300444,51855360,446247747584
250.10191287499038,52133888,446247747584
251.1036315829988,52133888,446247747584
252.1071452909964,52166656,446247747584
253.11087150000094,52183040,446247747584
254.1139822499972,52183040,446247747584
255.11913845800154,51920896,446247747584
256.1216535830026,51920896,446247747584
257.1268448329938,51838976,446247747584
258.1291663329903,51625984,446247747584
259.1343489159917,51953664,446247747584
260.13836770800117,51953664,446247747584
261.1413579999935,51691520,446247747584
262.14507266599685,51593216,446247747584
263.16688804099977,51609600,446247747584
264.18821633300104,51560448,446247747584
265.2186083330016,51167232,446247747584
266.28053066600114,51183616,446247747584
267.3082635000028,51216384,446247747584
268.31085904099746,50937856,446247747584
269.3150747079926,50954240,446247747584
270.31614816599176,50970624,446247747584
271.3172979160008,49233920,446247747584
272.3229183329968,49496064,446247747584
273.3269472079992,49201152,446247747584
274.3278417499969,49217536,446247747584
275.3337352910021,49217536,446247747584
276.3354357079952,49217536,446247747584
277.34060558299825,49561600,446247174144
278.34578891599085,49561600,446247174144
279.3505248330039,49561600,446247174144
280.35569445799047,49496064,446247174144
281.36079166599666,49741824,446247174144
282.36566183299874,49709056,446247174144
283.3708217910025,49561600,446247174144
284.3719936659909,49414144,446247174144
285.3771795829962,49414144,446247174144
286.3878640000039,49627136,446247174144
287.38842699999805,49217536,446247174144
288.39360470799147,49528832,446247174144
289.3945558330015,49561600,446247174144
290.39614616599283,49233920,446247174144
291.39715479100414,49184768,446247174144
292.3981513329927,48791552,446247174144
293.40389712499746,48824320,446247174144
294.40649258300255,49053696,446247174144
295.4136535830039,49070080,446247174144
296.41897195800266,49299456,446247174144
297.42279566600337,49364992,446247174144
298.4271061250038,49528832,446247174144
299.4280027079949,48988160,446247174144
300.4286012079974,48840704,446247174144
301.43393616599496,48939008,446247174144
302.43888137499744,49037312,446246600704
303.44402774999617,49037312,446246600704
304.4467690829915,49037312,446246600704
305.4473204160022,49037312,446246600704
306.45221920800395,48840704,446246600704
307.45737737500167,48758784,446246600704
308.46068074999494,48742400,446247174144
309.46272358299757,49020928,446247174144
310.47343541600276,49053696,446247174144
311.47812966599304,49037312,446247174144
312.4828688330017,49004544,446247174144
313.4840570410015,49233920,446247174144
314.4892469159968,49152000,446247174144
315.4938895410014,49070080,446247174144
316.49910458299564,49070080,446247174144
317.5043490829994,49020928,446247174144
318.5057386249973,48955392,446247174144
319.5105316249974,49266688,446247174144
320.51565533300163,49053696,446247174144
321.5210988329927,48791552,446247174144
322.52550083299866,49070080,446247174144
323.5283650409983,48775168,446247174144
324.5300714999903,48791552,446247174144
325.5352025829925,48545792,446247174144
326.5368147909903,48660480,446247174144
327.54394645799766,48529408,446247174144
328.5443795409956,48349184,446247174144
329.5450108329969,48316416,446247174144
330.549672166002,48463872,446247174144
331.55057116599346,48119808,446247174144
332.5561623329995,48103424,446247174144
333.5607124160015,48250880,446247174144
334.5643154159916,48119808,446247174144
335.5663302500034,48168960,446247174144
336.5722619159933,47857664,446247174144
337.5758795830043,47857664,446247174144
338.5786162500008,48234496,446247747584
339.5817850409949,48250880,446247747584
340.58511491600075,48037888,446247747584
341.5909875829966,47923200,446247747584
342.59666920799646,47955968,446247747584
343.59828441600257,47874048,446247747584
344.6035567079962,47874048,446247747584
345.60404358299274,47661056,446247747584
346.60516270800144,47808512,446247747584
347.61061191599583,47955968,446247747584
348.61848550000286,47841280,446247747584
349.623631208,47874048,446247747584
350.6286875829974,47906816,446247747584
351.6352302909945,47726592,446247747584
352.6404257079994,47300608,446247747584
353.64517345800414,47923200,446248157184
354.6515701659955,47628288,446248157184
355.65184520799085,47890432,446248157184
356.6531082080037,47874048,446248157184
357.6562109999941,47874048,446248157184
358.6608765830024,47480832,446248157184
359.66227524999704,47497216,446248157184
360.6642421659926,47808512,446248157184
361.6697933749965,47759360,446248157184
362.68509795799037,47759360,446248157184
363.7009777499916,47022080,446248157184
364.7027939999971,47022080,446248157184
365.70796412500204,47022080,446248157184
366.7123324999993,47022080,446248157184
367.7184997909935,46972928,446248157184
368.72307191599975,46956544,446248157184
369.7287765410001,47218688,446248157184
370.7334282910015,47005696,446248157184
371.7388957910007,46907392,446248157184
372.7436551659921,46923776,446248157184
373.74550920799084,46923776,446248157184
374.7507929580024,47022080,446248157184
375.7559280409914,47022080,446248157184
376.761123749995,47022080,446248157184
377.7669663330016,46776320,446248157184
378.7726050409983,46809088,446248157184
379.7777481660014,46809088,446248157184
380.78290645800007,46743552,446248157184
381.7868011249957,46759936,446248157184
382.7920589999994,46710784,446248157184
383.7956286659901,46710784,446248157184
384.80081179099216,46972928,446248157184
385.8060346659913,46825472,446248157184
386.8064923329948,47054848,446248157184
387.81004729100096,46809088,446248157184
388.81404054099403,46792704,446248157184
389.81959800000186,46792704,446248157184
390.82704362500226,46710784,446248157184
391.8322156659997,46612480,446248157184
392.8374282500008,46596096,446248157184
393.8399234999961,46661632,446248157184
394.84505070799787,46727168,446248157184
395.85026154099614,46841856,446248157184
396.85558433299593,46792704,446248157184
397.8608925409935,46727168,446248157184
398.86262283299584,46645248,446248157184
399.8684404579981,46628864,446248157184
400.8702725829935,46661632,446248157184
401.87544449999405,46678016,446248157184
402.8803370829992,46694400,446248157184
403.8855699580017,46792704,446248157184
404.89028125000186,46776320,446248157184
405.895289291002,46825472,446248157184
406.89829595800256,46759936,446248157184
407.9032139159972,46727168,446248157184
408.903365457998,46710784,446248157184
409.90879204099474,46743552,446248157184
410.91188312499435,46759936,446248157184
411.91439504099253,46841856,446248157184
412.9165339159954,46825472,446248157184
413.9217599580006,46694400,446248157184
414.92606883299595,46628864,446248157184
415.93045862499275,47235072,446248157184
416.93182216599234,47480832,446248157184
417.9342521249928,47366144,446248157184
418.9395149159973,47366144,446248157184
419.9442202079954,47382528,446248157184
420.9467399580026,47382528,446248157184
421.9472185409977,47235072,446248157184
422.9526311249938,47284224,446248157184
423.9581607500004,47775744,446248157184
424.9628109579935,47988736,446248157184
425.96827829099493,48054272,446248157184
426.9734326250036,47988736,446248157184
427.9780440409959,47710208,446248157184
428.98065258299175,48381952,446248157184
429.98476862499956,48578560,446248157184
430.9900824159995,48283648,446248157184
431.99470912499237,48316416,446248157184
432.99629324999114,48463872,446248157184
434.00166295799136,48283648,446248157184
435.00397258299927,47972352,446248157184
436.00692187499953,48201728,446248157184
437.01183024999045,47742976,446248157184
438.01293529100076,47644672,446248157184
439.01829312500195,47742976,446248157184
440.02361120800197,47742976,446248157184
441.0287909579929,47562752,446248157184
442.02963383299357,47529984,446248157184
443.03210349999426,47431680,446248157184
444.037371790997,47382528,446248157184
445.0426801249996,47759360,446248157184
446.04784724999627,47546368,446248157184
447.0517979580036,47726592,446248157184
448.0569615409913,47710208,446248157184
449.06233924999833,48087040,446248157184
450.06816858299135,48070656,446248157184
451.0733352499956,48136192,446248157184
452.07565570800216,47431680,446248157184
453.07970812499116,47464448,446248157184
454.0805679999903,47431680,446248157184
455.0858574159938,47448064,446248157184
456.0910834160022,47448064,446248157184
457.0962682499958,47448064,446248157184
458.0986552499962,47448064,446248157184
459.1037430830038,47415296,446248157184
460.1090294579917,47415296,446248157184
461.1130877079995,47448064,446248157184
462.11826483299956,47513600,446248157184
463.11999300000025,47415296,446248157184
464.1210941659956,46940160,446248157184
465.12406254099915,47382528,446248157184
466.1252027909941,47398912,446248157184
467.12991895800224,47349760,446248157184
468.13547399999516,47382528,446248157184
469.13625141599914,47431680,446248157184
470.1414476659993,47480832,446248157184
471.1466622080043,47513600,446248157184
472.1513582079933,47513600,446248157184
473.15581595800177,47153152,446248157184
474.16099112499796,47333376,446248157184
475.1633974580036,47382528,446248157184
476.168558749996,47349760,446248157184
477.1738130829908,46972928,446248157184
478.17944270800217,47185920,446248157184
479.1846320409968,47333376,446249205760
480.18576741599827,47349760,446249205760
481.19015329099784,47349760,446249205760
482.19129350000003,46956544,446249205760
483.19647320799413,46956544,446249205760
484.1976875410037,46841856,446249205760
485.19814683299046,46874624,446249205760
486.2033838329953,46874624,446249205760
487.2058532499941,47661056,446249205760
488.21137129099225,47693824,446249205760
489.2136125410034,47792128,446249205760
490.21871637499135,47415296,446249205760
491.2233308750001,47415296,446249205760
492.22522137500346,47366144,446249205760
493.2302370410034,47415296,446249205760
494.2341155000031,47235072,446249205760
495.239673374992,47497216,446249205760
496.2440271660016,47513600,446249205760
497.2469990410027,47644672,446249205760
498.2481963750033,47661056,446249205760
499.2533574580011,47284224,446249205760
500.2585269580013,47382528,446249205760
501.2636889580026,47218688,446249205760
502.2664066659927,47235072,446249205760
503.2675833749963,46989312,446249205760
504.27274545800174,46956544,446249205760
505.27643829099543,47235072,446249205760
506.2817230829969,47054848,446249205760
507.2868857499998,47022080,446249205760
508.2920549160044,47022080,446249205760
509.2971124159958,46989312,446249205760
510.2976419159968,47038464,446249205760
511.3035977499967,47054848,446249205760
512.3049504160008,46940160,446249205760
513.309996875003,46891008,446249205760
514.3139077079977,47022080,446249205760
515.3194589579944,47235072,446249205760
516.3229615000018,47218688,446249205760
517.3283320829942,47038464,446249205760
518.330528749997,47022080,446249205760
519.3324666249973,46891008,446249205760
520.336676166,46858240,446249205760
521.3377710829955,46891008,446249205760
522.3425845829915,46841856,446249205760
523.3472045410017,46874624,446249205760
524.3493028749945,46923776,446249205760
525.3545003750041,47251456,446249205760
526.356370249996,46956544,446249205760
527.3586248329957,47366144,446249205760
528.3638877499907,47366144,446249205760
529.3694009579922,47349760,446249205760
530.3716984579951,47366144,446249205760
531.376850332992,47431680,446249205760
532.380598082993,47431680,446249205760
533.3860934999975,47218688,446249205760
534.3884594580013,47202304,446249205760
535.3937591249996,47218688,446249205760
536.3987590829929,47218688,446249205760
537.3993211249908,47169536,446249205760
538.4044782499986,47169536,446249205760
539.4096493749967,47185920,446249205760
540.4141509159963,47251456,446249205760
541.4148118750018,47235072,446249205760
542.416003374994,47185920,446249205760
543.4211676249979,47120384,446249205760
544.4264160829916,46907392,446249205760
545.4307462909928,46907392,446249205760
546.4359850409965,46841856,446249205760
547.4411959580029,46858240,446249205760
548.4440263330034,46825472,446249205760
549.4474334999977,46841856,446249205760
550.4509514579986,46874624,446249205760
551.456237499995,46792704,446249205760
552.4613989159989,46940160,446249205760
553.4642738749972,46940160,446249205760
554.4672257909988,46874624,446249205760
555.4724783749989,46972928,446249205760
556.4740097500035,46972928,446249205760
557.4750074579933,46858240,446249205760
558.4770077080029,46940160,446249205760
559.4810667080019,46956544,446249205760
560.484991749996,46891008,446249205760
561.4866897079919,47104000,446249205760
562.4876730410033,47087616,446249205760
563.4888270829979,47054848,446249205760
564.493002999996,46809088,446249205760
565.4976012909901,46727168,446249205760
566.5029442499945,46727168,446249205760
567.506710207992,46841856,446249205760
568.5082117080019,46841856,446249205760
569.5113761249959,46809088,446249205760
570.5164592910005,46809088,446249205760
571.5279067910014,46727168,446249205760
572.5311352499994,46841856,446249205760
573.5364294579922,46841856,446249205760
574.541546374996,46841856,446249205760
575.5466551249992,46841856,446249205760
576.5469098329922,46759936,446249205760
577.5478935830033,46759936,446249205760
578.5530946249928,46759936,446249205760
579.5549383329926,46759936,446249205760
580.5604610000009,46759936,446249205760
581.5648764159996,46743552,446249205760
582.5678037079924,46891008,446249205760
583.5723646660044,46891008,446249205760
584.5732050829974,46858240,446249205760
585.576287332995,46858240,446249205760
586.5787319579977,46809088,446249205760
587.5813493750029,46809088,446249205760
588.5832791249995,46792704,446249205760
589.588541249992,46792704,446249205760
590.5905812909914,46874624,446249205760
591.5914152079931,46874624,446249205760
592.5927792909933,46874624,446249205760
593.598052375004,46907392,446249205760
594.5986597500014,46907392,446249205760
595.6057556659944,46858240,446249205760
596.6089383749932,46825472,446249205760
597.6143482079933,46792704,446249205760
598.6158673750033,47005696,446249205760
599.6186762500001,47038464,446249205760
600.6239241250005,47038464,446249205760
601.6281523749931,46858240,446249205760
602.636361375,46972928,446249205760
603.6387337499909,46923776,446249205760
604.6423155410012,46923776,446249205760
605.648041249995,47104000,446249205760
606.6495492499962,46841856,446249205760
607.6553777910012,46727168,446249205760
608.6569424999907,46678016,446249205760
609.6582014579908,46907392,446249205760
610.6745733330026,47104000,446249205760
611.6825759579951,46727168,446249205760
612.6881383750006,46792704,446249205760
613.6893884579913,46841856,446249205760
614.6944607909973,47038464,446249205760
615.7233201659983,46809088,446249205760
616.7450988329947,46759936,446249205760
617.7476298749971,46792704,446249205760
618.7531722080021,46710784,446249205760
619.7582672909921,46923776,446249205760
620.7588986249903,46759936,446249205760
621.7597580409929,46792704,446249205760
622.7640049159963,46759936,446249205760
623.7670969159954,46989312,446249205760
624.7686556659901,46776320,446249205760
625.7719932079926,46891008,446249205760
626.7780106249993,46743552,446249205760
627.7829901660007,47022080,446249205760
628.7889915830019,46743552,446249205760
629.7928679159959,46743552,446249205760
630.797564374996,46841856,446249205760
631.7996289159928,47104000,446249205760
632.8049562499946,47071232,446249205760
633.8094181659981,46759936,446249205760
634.8142282909976,46645248,446249205760
635.8163357079902,46628864,446249205760
636.8252994159993,46448640,446249205760
637.8306219160004,46645248,446249205760
638.8319243750011,46579712,446249205760
639.8329775829916,46579712,446249205760
640.8376646660035,46415872,446249205760
641.842910708001,46465024,446249205760
642.848121832998,46481408,446249205760
643.853564457997,46481408,446249205760
644.8587070409994,46759936,446249205760
645.8595331249962,46792704,446249205760
646.8621522909962,46612480,446249205760
647.8654650829994,46366720,446249205760
648.8710852910008,46743552,446249205760
649.8732341249997,46727168,446249205760
650.8785365410004,46383104,446249205760
651.8821052909916,46399488,446249205760
652.8875145829952,46333952,446249205760
653.8882563329971,46448640,446249205760
654.8929668329947,46333952,446249205760
655.898219708004,46366720,446249205760
656.8998900409933,46301184,446249205760
657.902469624998,46333952,446249205760
658.909608957998,46432256,446249205760
659.9144870000018,46432256,446249205760
660.9165989159956,46481408,446249205760
661.9217760000029,46465024,446249205760
662.926964540995,46415872,446249205760
663.9276051249908,46792704,446249205760
664.9321619160037,46792704,446249205760
665.9333831249969,46825472,446249205760
666.9385997499921,47005696,446249205760
667.9437682080024,46874624,446249205760
668.948908499995,46514176,446249205760
669.9509322499944,46514176,446249205760
670.956191499994,46514176,446249205760
671.9613844580017,46546944,446249205760
672.9656786659907,46546944,446249205760
673.969256707991,46481408,446249205760
674.9760788330022,46399488,446249205760
675.9815729580005,46448640,446249205760
676.9837906659959,46432256,446249205760
677.9889802499965,46530560,446249205760
678.9946130000026,46579712,446249205760
679.999066000004,46497792,446249205760
681.0043907910003,46514176,446249205760
682.0095529579994,46514176,446249205760
683.0146861249959,46497792,446249205760
684.0176437499904,46596096,446249205760
685.0228972909972,46563328,446249205760
686.0236493330012,46432256,446249205760
687.0287950829952,46448640,446249205760
688.032740249997,46383104,446249205760
689.038977749995,46465024,446249205760
690.0437859999947,46465024,446249205760
691.0456869159971,46415872,446249205760
692.0491279999987,46465024,446249205760
693.0517072499933,46514176,446249205760
694.0569079999987,46678016,446249205760
695.0620740829909,46661632,446249205760
696.0659454999986,46497792,446249205760
697.0721458329936,46465024,446249205760
698.0737934159988,46383104,446249205760
699.0784279579966,46350336,446249205760
700.082665665992,46628864,446249205760
701.0877906660025,46628864,446249205760
702.092607832994,46514176,446249205760
703.0977803330024,46514176,446249205760
704.0994564580033,46514176,446249205760
705.1046690829971,46546944,446249205760
706.1072197909962,46596096,446249205760
707.1124891249929,46497792,446249205760
708.1161417910043,46383104,446249205760
709.1177495409938,46383104,446249205760
710.1229420829914,46383104,446249205760
711.1239037909982,46383104,446249205760
712.1291109159938,46383104,446249205760
713.1328272910032,46350336,446249205760
714.1379904159985,46350336,446249205760
715.1406293329928,46383104,446249205760
716.1440449999936,46661632,446249205760
717.1492239159998,46710784,446249205760
718.1544995830045,46530560,446249205760
719.1547877080011,46546944,446249205760
720.1581110830011,46530560,446249205760
721.1631582909904,46546944,446249205760
722.1682952080009,46514176,446249205760
723.1689276249963,46546944,446249205760
724.1714039159997,46481408,446249205760
725.1767241249909,46366720,446249205760
726.182369999995,46383104,446249205760
727.1847834579967,46399488,446249205760
728.189918582997,46432256,446249205760
729.1951067909977,46628864,446249205760
730.2003576659918,46694400,446249205760
731.2030103750003,46383104,446249205760
732.2083107079961,46383104,446249205760
733.209581957999,46399488,446249205760
734.2117567079986,46727168,446249205760
735.2164478329942,46694400,446249205760
736.2210094159964,46825472,446249205760
737.226198999997,46825472,446249205760
738.2272721249901,46497792,446249205760
739.2280247500021,46383104,446249205760
740.2330423749954,46333952,446249205760
741.238479874999,46333952,446249205760
742.2426777499932,46317568,446249205760
743.2482674999919,46891008,446249205760
744.2514539160038,46891008,446249205760
745.2567160000035,46841856,446249205760
746.2619998750015,46415872,446249205760
747.266566833001,46333952,446249205760
748.2717715829931,46333952,446249205760
749.2743087080016,46301184,446249205760
750.2795833330019,46333952,446249205760
751.2832543749973,46284800,446249205760
752.2884120829985,46301184,446249205760
753.2936356249993,46366720,446249205760
754.2987635829923,46268416,446249205760
755.2998671660025,46317568,446249205760
756.300726040994,46317568,446249205760
757.3059866660042,46284800,446249205760
758.3090319159965,46284800,446249205760
759.3142433329922,46301184,446249205760
760.3193852499971,46301184,446249205760
761.3244511660014,46235648,446249205760
762.3297027499939,46235648,446249205760
763.3332861249946,46235648,446249205760
764.335588957998,46235648,446249205760
765.3406277500035,46235648,446249205760
766.3420772499958,46235648,446249205760
767.345697124998,46268416,446249205760
768.3508704159904,46333952,446249205760
769.3559882909904,46333952,446249205760
770.3611255409924,46579712,446249205760
771.3663346660032,46596096,446249205760
772.3668604580016,46645248,446249205760
773.3721372909931,46448640,446249205760
774.3773330830008,46448640,446249205760
775.3825032079912,46448640,446249205760
776.3857807909953,46465024,446249205760
777.3909480000002,46465024,446249205760
778.3961723329994,46465024,446249205760
779.4013236659957,46465024,446249205760
780.4065095410042,47546368,446249205760
781.411687749991,47546368,446249205760
782.4168900410004,47546368,446249205760
783.4186955829937,47546368,446249205760
784.4239965829911,47546368,446249205760
785.4291453329934,47562752,446249205760
786.4336944160023,47579136,446249205760
787.4390561659966,47579136,446249205760
788.4443916659948,47726592,446249205760
789.4456213329977,47677440,446249205760
790.4493793750007,47480832,446249205760
791.4503764999972,47480832,446249205760
792.4556322080025,47480832,446249205760
793.4608287909941,47562752,446249205760
794.4660062500043,47562752,446249205760
795.4670610829926,46530560,446249205760
796.4722104579996,46530560,446249205760
797.4773119159945,46546944,446249205760
798.4824766660022,46497792,446249205760
799.4848859159974,46497792,446249205760
800.4899933330016,46530560,446249205760
801.4951645410038,46530560,446249205760
802.500334707991,46546944,446249205760
803.5055721249955,46546944,446249205760
804.510736915996,46514176,446249205760
805.5159111660032,46546944,446249205760
806.5180821660033,46546944,446249205760
807.5186694159929,46546944,446249205760
808.5214967909997,46432256,446249205760
809.5267066249944,46432256,446249205760
810.5294892910024,46448640,446249205760
811.5339707079984,46432256,446249205760
812.5360894999903,46710784,446249205760
813.5413586659997,46743552,446249205760
814.5440132499934,46612480,446249205760
815.5464671660011,46612480,446249205760
816.5506871660036,46465024,446249205760
817.5522366249934,46514176,446249205760
818.5574207500031,46497792,446249205760
819.5584572499938,46530560,446249205760
820.5636421249947,46546944,446249205760
821.5675795409916,46514176,446249205760
822.5737215410045,46530560,446249205760
823.5789089159953,46465024,446249205760
824.5840974159946,46465024,446249205760
825.5871448329999,46776320,446249205760
826.5922820409905,46497792,446249205760
827.5975159160007,46612480,446249205760
828.6021312910016,46579712,446249205760
829.6077621659933,46579712,446249205760
830.6129626659967,46612480,446249205760
831.6181613329973,46628864,446249205760
832.6211139579973,46628864,446249205760
833.6262905829935,46481408,446249205760
834.6314604999934,46415872,446249205760
835.6341513329971,46448640,446249205760
836.6389823749923,46481408,446249205760
837.6413228750025,46481408,446249205760
838.6464858749969,46415872,446249205760
839.650837166002,46415872,446249205760
840.6562550410017,46465024,446249205760
841.6606099159981,46383104,446249205760
842.6650052079931,46546944,446249205760
843.6704482499918,46415872,446249205760
844.6755337079958,46432256,446249205760
845.6807123750041,46432256,446249205760
846.6857048749953,46399488,446249205760
847.6908971249941,46415872,446249205760
848.6961340409907,46546944,446249205760
849.7013420000003,46563328,446249205760
850.7024545000022,46563328,446249205760
851.7047676249931,46530560,446249205760
852.7100797079911,46497792,446249205760
853.7119576660043,46546944,446249205760
854.717098166002,46563328,446249205760
855.717824708001,46563328,446249205760
856.7217961659917,46563328,446249205760
857.7256287909986,46563328,446249205760
858.7307704159903,46661632,446249205760
859.7360232909996,46678016,446249205760
860.7412871659908,46874624,446249205760
861.7465495829965,46874624,446249205760
862.7512158329919,46792704,446249205760
863.7565717079997,46596096,446249205760
864.7629061250045,46612480,446249205760
865.7679882079974,46694400,446249205760
866.7701163750025,46710784,446249205760
867.7753059579991,46563328,446249205760
868.7805059999955,46694400,446249205760
869.7846998329915,46710784,446249205760
870.7898655829922,46448640,446249205760
871.7950045409962,46448640,446249205760
872.8002823330025,46563328,446249205760
873.8035715409933,46563328,446249205760
874.8087313330034,46596096,446249205760
875.8139403329988,46596096,446249205760
876.8192315409979,46432256,446249205760
877.8245037500019,46514176,446249205760
878.8269426250044,46776320,446249205760
879.8299873749929,46776320,446249205760
880.8335620830039,46596096,446249205760
881.8369520409906,46612480,446249205760
882.842341208001,46596096,446249205760
883.8474947079958,46481408,446249205760
884.8514927079959,46497792,446249205760
885.8526904159953,46497792,446249205760
886.8578518330032,46530560,446249205760
887.8630196250015,46530560,446249205760
888.8683192909957,46546944,446249205760
889.8726951659919,46710784,446249205760
890.8778733329964,46546944,446249205760
891.8830321249989,46596096,446249205760
892.8849450409907,46612480,446249205760
893.8902292499988,46612480,446249205760
894.8926729160012,46645248,446249205760
895.8969522499974,46661632,446249205760
896.9015677080024,46563328,446249205760
897.9067744159984,46514176,446249205760
898.9119957079965,46645248,446249205760
899.912522707993,46792704,446249205760
900.9176737079979,46776320,446249205760
901.9182882079913,46809088,446249205760
902.9235792499967,46579712,446249205760
903.928846750001,46645248,446249205760
904.9340756250022,46792704,446249205760
905.9350978750008,46694400,446249205760
906.9372512080008,46907392,446249205760
907.9424979159958,46874624,446249205760
908.9459575410001,46661632,446249205760
909.9511584580032,46661632,446249205760
910.9516916659923,46825472,446249205760
911.9568597500038,46841856,446249205760
912.9595396249933,46596096,446249205760
913.9646910829906,46596096,446249205760
914.9684215829911,46628864,446249205760
915.9704199999978,46776320,446249205760
916.975511083001,46809088,446249205760
917.980664082992,46563328,446249205760
918.9893822500017,46678016,446249205760
920.0263177909947,46694400,446249205760
921.0289047080005,46678016,446249205760
922.0321551249945,46661632,446249205760
923.0349440830032,46645248,446249205760
924.0406593329972,46645248,446249205760
925.0458984580036,46743552,446249205760
926.0508542500029,46743552,446249205760
927.0520729159907,46678016,446249205760
928.0532769580022,46678016,446249205760
929.0536306659924,46694400,446249205760
930.0589277499967,46694400,446249205760
931.0641610829916,46645248,446249205760
932.0687681249983,46645248,446249205760
933.0739527080004,46645248,446249205760
934.0765446250007,46645248,446249205760
935.0796097499988,46546944,446249205760
936.0848640829936,46530560,446249205760
937.0885623749928,46530560,446249205760
938.0932943329972,46546944,446249205760
939.0992107079946,46710784,446249205760
940.1011804579903,46874624,446249205760
941.1021722500009,47890432,446249205760
942.1073588330037,47644672,446249205760
943.1125698749966,47661056,446249205760
944.1163259159948,47611904,446249205760
945.1214569159929,47595520,446249205760
946.126192249998,47611904,446249205760
947.1313108329923,47611904,446249205760
948.1355886249949,46710784,446249205760
949.136757040993,46694400,446249205760
950.1418293329916,46563328,446249205760
951.1470257909968,47431680,446249205760
952.1521980410034,47562752,446249205760
953.1574397910008,47415296,446249205760
954.1629687079985,47415296,446249205760
955.1681452079938,47431680,446249205760
956.1732986659918,47431680,446249205760
957.1784663330036,47448064,446249205760
958.1836550829903,46514176,446249205760
959.1888191250036,46514176,446249205760
960.1939206249954,46546944,446249205760
961.1990714580024,46546944,446249205760
962.202332832996,46546944,446249205760
963.203864665993,46563328,446249205760
964.20923295799,46612480,446249205760
965.2102817909908,46661632,446249205760
966.2154374579986,46661632,446249205760
967.220022583002,46612480,446249205760
968.2253829580004,46612480,446249205760
969.2300912499923,46596096,446249205760
970.2352686249942,46579712,446249205760
971.2371146249934,46579712,446249205760
972.2423453329975,46596096,446249205760
973.2475264579989,46497792,446249205760
974.2525449579989,46481408,446249205760
975.2577406249911,46481408,446249205760
976.2629351659998,46579712,446249205760
977.2692309999984,46579712,446249205760
978.2705622909998,46497792,446249205760
979.2757057080016,46497792,446249205760
980.280850790994,46497792,446249205760
981.2860080829996,46481408,446249205760
982.287306165992,46481408,446249205760
983.2898990829999,46465024,446249205760
984.2934255409928,46497792,446249205760
985.2968152079993,46497792,446249205760
986.3020063750009,46465024,446249205760
987.3072181659954,46546944,446249205760
988.3117026249965,46546944,446249205760
989.3168924999918,46514176,446249205760
990.3194136249949,46514176,446249205760
991.3247754579934,46530560,446249205760
992.3268448329909,46546944,446249205760
993.3273715830001,46497792,446249205760
994.3303224160045,46514176,446249205760
995.3355114580045,46514176,446249205760
996.3399481249944,46497792,446249205760
997.3451212499931,46514176,446249205760
998.3474673750025,46546944,446249205760
999.3485115410003,46497792,446249205760
1000.3528594579984,46596096,446249205760
1001.3582992500014,46661632,446249205760
1002.3588634159969,46497792,446249205760
1003.3607522499951,46481408,446249205760
1004.3659497499902,46530560,446249205760
1005.3696127080038,46874624,446249205760
1006.3748789579986,46940160,446249205760
1007.3800839579926,46710784,446249205760
1008.3853477079974,46940160,446249205760
1009.3863467909978,46907392,446249205760
1010.3916225409921,46710784,446249205760
1011.3968172500026,46710784,446249205760
1012.4019915829995,46710784,446249205760
1013.4030400409974,46694400,446249205760
1014.4050020830036,46661632,446249205760
1015.4101284579956,46645248,446249205760
1016.4152896659944,46710784,446249205760
1017.4197392909991,46678016,446249205760
1018.4207037079905,46628864,446249205760
1019.4258786659921,46809088,446249205760
1020.4311017080036,46841856,446249205760
1021.4354362909944,46759936,446249205760
1022.4406143749948,46841856,446249205760
1023.4457622909977,46825472,446250254336
1024.450949332997,46612480,446250254336
1025.4531710829906,46628864,446250254336
1026.4571235829935,46661632,446250254336
1027.460646749998,46678016,446250254336
1028.4669919159933,46530560,446250254336
1029.4698158329993,46497792,446250254336
1030.47507437499,46514176,446250254336
1031.4777338330023,46645248,446250254336
1032.4829604999977,46645248,446250254336
1033.4881185830018,46678016,446250254336
1034.4934449159919,46661632,446250254336
1035.4966842499998,46661632,446250254336
1036.501571582994,46628864,446250254336
1037.5033086250041,46678016,446250254336
1038.5085619579913,46563328,446250254336
1039.5122101659945,46612480,446250254336
1040.5173964580026,46645248,446250254336
1041.5202875410032,46678016,446250254336
1042.5272442909918,46759936,446250254336
1043.5323886660044,46579712,446250254336
1044.5366338750027,46546944,446250254336
1045.5418228749913,46546944,446250254336
1046.5446643329924,46530560,446250254336
1047.5484752909979,46465024,446250254336
1048.5533470829978,46481408,446250254336
1049.5555341250001,46465024,446250254336
1050.560720583002,46465024,446250254336
1051.5659121249919,46432256,446250254336
1052.5700464999973,46448640,446250254336
1053.5752200409916,46465024,446250254336
1054.580341790992,46694400,446250254336
1055.5854764999967,46694400,446250254336
1056.5867522909975,46596096,446250254336
1057.5919516249996,46628864,446250254336
1058.5971747909934,46628864,446250254336
1059.6022792909935,46628864,446250254336
1060.6035708749987,46841856,446250254336
1061.6087479999987,46710784,446250254336
1062.613950999992,46694400,446250254336
1063.6191246249946,46694400,446250254336
1064.6201719999954,46645248,446250254336
1065.6219041659933,46694400,446250254336
1066.6264028330042,46579712,446250254336
1067.6311605829978,46923776,446250254336
1068.6322230410005,46874624,446250254336
1069.6370590409933,46759936,446250254336
1070.6394148749969,46612480,446250254336
1071.6403819999978,46678016,446250254336
1072.6430202909978,46678016,446250254336
1073.6478866249963,46645248,446250254336
1074.6548303750023,46661632,446250254336
1075.6604424160032,46727168,446250254336
1076.664354374996,46694400,446250254336
1077.669577749999,46841856,446250254336
1078.6704374999972,47087616,446250254336
1079.6758323749964,46596096,446250254336
1080.6816230830009,46530560,446250254336
1081.687163708004,46678016,446250254336
1082.6890893329983,47005696,446250254336
1083.6947990000044,46759936,446250254336
1084.6980639160029,46710784,446250254336
1085.6983206250006,46366720,446250254336
1086.703851290993,46694400,446250254336
1087.709085124996,46497792,446250254336
1088.7120549579995,46317568,446250254336
1089.717235499993,46333952,446250254336
1090.720581415997,46350336,446250254336
1091.7211576249974,46481408,446250254336
1092.7217925409932,46301184,446250254336
1093.7269672910043,46858240,446250254336
1094.7321808749984,46628864,446250254336
1095.7364990409988,46514176,446250254336
1096.7417244160024,46809088,446250254336
1097.745091082994,46809088,446250254336
1098.7491656249913,46596096,446250254336
1099.7543475409911,46612480,446250254336
1100.7548264579964,46481408,446250254336
1101.757072708002,46694400,446250254336
1102.7638353749935,46727168,446250254336
1103.7666379580041,46350336,446250254336
1104.770866166,46530560,446250254336
1105.776382875003,46809088,446250254336
1106.7816696249938,46841856,446250254336
1107.782172541003,46645248,446250254336
1108.7874184999964,46579712,446250254336
1109.7926145829988,46579712,446250254336
1110.795336665993,46366720,446250254336
1111.800491957998,46399488,446250254336
1112.8051479999995,46415872,446250254336
1113.8102842499939,46415872,446250254336
1114.8149497080012,46612480,446250254336
1115.8201564159972,46678016,446250254336
1116.8211155829922,47136768,446250254336
1117.826942582993,47038464,446250254336
1118.8321246659907,46727168,446250254336
1119.8366163750034,46366720,446250254336
1120.8374073329906,46661632,446250254336
1121.8393327910017,46661632,446250254336
1122.8446131249948,46432256,446250254336
1123.849822707998,46612480,446250254336
1124.854360915997,46645248,446250254336
1125.8553036660014,46448640,446250254336
1126.8597782080033,46432256,446250254336
1127.8649781249987,46383104,446250254336
1128.8666373329906,46383104,446250254336
1129.8710979579919,46383104,446250254336
1130.8762840830022,46383104,446250254336
1131.8814479159919,46432256,446250254336
1132.8865811659925,46563328,446250254336
1133.8878048749903,46579712,446250254336
1134.8888537909952,46432256,446250254336
1135.8892209999904,46432256,446250254336
1136.8944132909965,46366720,446250254336
1137.897623500001,46350336,446250254336
1138.898677249992,46301184,446250254336
1139.9038363330037,46612480,446250254336
1140.9049027500005,46415872,446250254336
1141.905498082997,46678016,446250254336
1142.9096698329959,46612480,446250254336
1143.9151336249924,46333952,446250254336
1144.9209305830009,46268416,446250254336
1145.9212836249935,46268416,446250254336
1146.9217739579908,46317568,446250254336
1147.9222781659919,46301184,446250254336
1148.9274932499975,46333952,446250254336
1149.9326502500044,46333952,446250254336
1150.9378257079952,46350336,446250254336
1151.943080500001,46317568,446250254336
1152.9484129159973,46596096,446250254336
1153.953569749996,46579712,446250254336
1154.9547102499928,46579712,446250254336
1155.95575275,46497792,446250254336
1156.9559951659903,46497792,446250254336
1157.961171499992,46317568,446250254336
1158.9663624999957,46333952,446250254336
1159.9714191660023,46350336,446250254336
1160.9722814580018,46399488,446250254336
1161.9728570829902,46415872,446250254336
1162.978058749999,46514176,446250254336
1163.9792215829948,46514176,446250254336
1164.9843667079986,46514176,446250254336
1165.988110833001,46366720,446250254336
1166.993493707996,46366720,446250254336
1167.9986343329947,46415872,446250254336
1169.0038166659942,46432256,446250254336
1170.0048433749907,46350336,446250254336
1171.0069035409979,46759936,446250254336
1172.0120516659954,46759936,446250254336
1173.017284207992,46694400,446250254336
1174.021614665995,46694400,446250254336
1175.022541415994,46170112,446250254336
1176.0270291249908,46415872,446250254336
1177.0322289579926,46432256,446250254336
1178.037239665995,46317568,446250254336
1179.0383287909935,46317568,446250254336
1180.0437711659906,46317568,446250254336
1181.0489585000032,46317568,446250254336
1182.051518082997,46350336,446250254336
1183.0554763330001,46383104,446250254336
1184.0563998750004,46383104,446250254336
1185.0615613749978,46399488,446250254336
1186.0667193749978,46366720,446250254336
1187.0717478330043,46350336,446250254336
1188.0768573749956,46383104,446250254336
1189.082216499999,46268416,446250254336
1190.0874837909942,46546944,446250254336
1191.0926545410039,46579712,446250254336
1192.0975032080023,46383104,446250254336
1193.102695249996,46399488,446250254336
1194.1079082499928,46366720,446250254336
1195.1130033749942,46383104,446250254336
1196.118166250002,46333952,446250254336
1197.123340249993,46333952,446250254336
1198.128614250003,46350336,446250254336
1199.130823790998,46301184,446250254336
1200.1359776659956,46579712,446250254336
1201.1379413749964,46596096,446250254336
1202.1384987909987,46366720,446250254336
1203.143838666001,46284800,446250254336
1204.1491392079915,46170112,446250254336
1205.1543729999976,46186496,446250254336
1206.1565075410035,46153728,446250254336
1207.1617233330035,46235648,446250254336
1208.1673331659986,46235648,446250254336
1209.1725854160031,46514176,446250254336
1210.175534540991,46530560,446250254336
1211.180703416001,46350336,446250254336
1212.185859374993,46350336,446250254336
1213.1887414579978,46333952,446250254336
1214.190190082998,46383104,446250254336
1215.1953180830023,46415872,446250254336
1216.200485333,46415872,446250254336
1217.2054883329984,46415872,446250254336
1218.210873374992,46432256,446250254336
1219.2160874999972,46366720,446250254336
1220.2214223749907,46383104,446250254336
1221.2221154580038,46366720,446250254336
1222.2273758329975,46186496,446250254336
1223.2326046249946,46497792,446250254336
1224.237792083004,46497792,446250254336
1225.238868207991,46301184,446250254336
1226.2440908749995,46317568,446250254336
1227.2492591659975,46350336,446250254336
1228.2544315409905,46252032,446250254336
1229.2556189579918,46252032,446250254336
1230.259153541003,46317568,446250254336
1231.2633877909975,46514176,446250254336
1232.2686174160044,46186496,446250254336
1233.272253624993,46202880,446250254336
1234.2730814160022,46170112,446250254336
1235.2782860000007,46252032,446250254336
1236.283475958,46252032,446250254336
1237.286236749991,46252032,446250254336
1238.2889698329964,46202880,446250254336
1239.2898919580039,46202880,446250254336
1240.295071207991,46219264,446250254336
1241.3003252909984,46268416,446250254336
1242.3055422079924,46268416,446250254336
1243.3097205829981,46333952,446250254336
1244.310873333001,46350336,446250254336
1245.3146616659942,46350336,446250254336
1246.3197906249989,46350336,446250254336
1247.3239297499968,46284800,446250254336
1248.3244028749905,46268416,446250254336
1249.3254532909923,46252032,446250254336
1250.3312171659927,46252032,446250254336
1251.3363754159946,46170112,446250254336
1252.3398849160003,46202880,446250254336
1253.3451301250025,46202880,446250254336
1254.3503302079916,46170112,446250254336
1255.3555024160014,46317568,446250254336
1256.355820458004,46317568,446250254336
1257.3610293749953,46186496,446250254336
1258.3661986660009,46252032,446250254336
1259.3713353749918,46252032,446250254336
1260.3725241659995,46202880,446250254336
1261.3777055410028,46219264,446250254336
1262.3803592909971,46219264,446250254336
1263.382521499996,46252032,446250254336
1264.3877272499958,46235648,446250254336
1265.392934040996,46268416,446250254336
1266.398234124994,46268416,446250254336
1267.4035189580027,46268416,446250254336
1268.4059442500002,46268416,446250254336
1269.4073672910017,46284800,446250254336
1270.4088060829963,46284800,446250254336
1271.4112595000042,46252032,446250254336
1272.415483040997,46530560,446250254336
1273.4206642079953,46481408,446250254336
1274.4259152909945,46333952,446250254336
1275.4304935410037,46301184,446250254336
1276.4356430000043,46333952,446250254336
1277.4403001659957,46628864,446250254336
1278.4454790409945,46645248,446250254336
1279.4505928330036,46399488,446250254336
1280.4510849579965,46432256,446250254336
1281.4562052499969,46628864,446250254336
1282.4567294579901,46596096,446250254336
1283.4620246659906,46563328,446250254336
1284.467201624997,46301184,446250254336
1285.4718025409966,46497792,446250254336
1286.4771533329913,46858240,446250254336
1287.4777203749982,46694400,446250254336
1288.4818365829997,46678016,446250254336
1289.491259250004,46678016,446250254336
1290.4964680830017,46252032,446250254336
1291.4973318330012,46284800,446250254336
1292.5025601660018,46202880,446250254336
1293.5063577910041,46202880,446250254336
1294.5069974579965,46252032,446250254336
1295.5121499579982,46252032,446250254336
1296.5157535409962,46202880,446250254336
1297.5209122079978,46186496,446250254336
1298.523085875,46153728,446250254336
1299.5255756249971,46153728,446250254336
1300.5307821659953,46137344,446250254336
1301.5361028749903,46137344,446250254336
1302.5397874159971,46170112,446250254336
1303.5426295829966,46186496,446250254336
1304.5428481249983,46301184,446250254336
1305.5480430409953,46333952,446250254336
1306.5487580000045,46317568,446250254336
1307.552786500004,46317568,446250254336
1308.5574927499983,46317568,446250254336
1309.5627554579987,46317568,446250254336
1310.5680851249926,46448640,446250254336
1311.570309207993,46301184,446250254336
1312.575519291,46219264,446250254336
1313.5806941249903,46219264,446250254336
1314.5858839159919,46252032,446250254336
1315.5910345409939,46497792,446250254336
1316.596233499993,46383104,446250254336
1317.6014179159974,46383104,446250254336
1318.6068411659944,46350336,446250254336
1319.612213290995,46186496,446250254336
1320.6128400000016,46219264,446250254336
1321.618065290997,46252032,446250254336
1322.6233607500035,46268416,446250254336
1323.624662125003,46268416,446250254336
1324.6298819160002,46268416,446250254336
1325.6350661250035,46268416,446250254336
1326.6400836660032,46268416,446250254336
1327.644013165991,46268416,446250254336
1328.648961208004,46301184,446250254336
1329.654131000003,46301184,446250254336
1330.6567271660024,46186496,446250254336
1331.6620392500045,46186496,446250254336
1332.6671897909982,46202880,446250254336
1333.6723294580006,46202880,446250254336
1334.674790666002,46202880,446250254336
1335.6800519160024,46202880,446250254336
1336.6852247909992,46120960,446250254336
1337.6904034159961,46153728,446250254336
1338.6909898750018,46170112,446250254336
1339.693652749993,46170112,446250254336
1340.6988954160042,46104576,446250254336
1341.7042015000043,46104576,446250254336
1342.7068252079916,46104576,446250254336
1343.712014165998,46088192,446250254336
1344.7172014160024,46088192,446250254336
1345.7223904999992,46088192,446250254336
1346.7236517080019,46055424,446250254336
1347.728850540996,46137344,446250254336
1348.7340264999948,46170112,446250254336
1349.7392324999964,46170112,446250254336
1350.7402337910025,46186496,446250254336
1351.745478375,46170112,446250254336
1352.7507266250032,46120960,446250254336
1353.7557960409904,46170112,446250254336
1354.7571077500033,46186496,446250254336
1355.7622739999933,46170112,446250254336
1356.7674224579969,46301184,446250254336
1357.7726053749939,46170112,446250254336
1358.7751177500031,46186496,446250254336
1359.7803367500019,46186496,446250254336
1360.7816397080023,46170112,446250254336
1361.7869457079942,46219264,446250254336
1362.7912074159976,46235648,446250254336
1363.7963967910036,46235648,446250254336
1364.8015569159907,46235648,446250254336
1365.8067393329984,46235648,446250254336
1366.8072002909903,46252032,446250254336
1367.808821832994,46252032,446250254336
1368.8139794159943,46235648,446250254336
1369.8191847080016,46235648,446250254336
1370.8243665409973,46219264,446250254336
1371.827976665998,46186496,446250254336
1372.8333930410008,46219264,446250254336
1373.8385441249993,46235648,446250254336
1374.840606999991,46235648,446250254336
1375.8457347499934,46235648,446250254336
1376.851002957992,46235648,446250254336
1377.8562097499962,46252032,446250254336
1378.8573076250032,46252032,446250254336
1379.8628016659932,46268416,446250254336
1380.8630784999987,46268416,446250254336
1381.8682105000044,46546944,446250254336
1382.8733737909934,46546944,446250254336
1383.8786162079923,46317568,446250254336
1384.8837705829937,46383104,446250254336
1385.888960665994,46415872,446250254336
1386.8917538749956,46415872,446250254336
1387.892178041002,46415872,446250254336
1388.8973260829953,46432256,446250254336
1389.9024568750028,46432256,446250254336
1390.9075057080045,46432256,446250254336
1391.909822415997,46432256,446250254336
1392.913594208003,46333952,446250254336
1393.9188673750032,46333952,446250254336
1394.9240379580006,46350336,446250254336
1395.9253727500036,46333952,446250254336
1396.9305314579979,46317568,446250254336
1397.9366556250025,46333952,446250254336
1398.9412287500018,46366720,446250254336
1399.9464651659946,46399488,446250254336
1400.9492382079916,46186496,446250254336
1401.9580480000004,46219264,446250254336
1402.9638064579922,46546944,446250254336
1403.9690917499975,46350336,446250254336
1404.9729736659938,46317568,446250254336
1405.9742594159907,46333952,446250254336
1406.979427540995,46186496,446250254336
1407.984690665995,46268416,446250254336
1408.9891485830012,46284800,446250254336
1409.9923117080034,46252032,446250254336
1410.997864916004,46268416,446250254336
1412.0031829579966,46317568,446250254336
1413.0074296660023,46333952,446250254336
1414.0080246659927,46170112,446250254336
1415.014150957999,46235648,446250254336
1416.0193581249914,46530560,446250254336
1417.0243860829942,46530560,446250254336
1418.0253717500018,46333952,446250254336
1419.0305405410036,46366720,446250254336
1420.0357402910013,46301184,446250254336
1421.040877958003,46301184,446250254336
1422.0454214159981,46202880,446250254336
1423.0491108330025,46137344,446250254336
1424.0510003329982,46186496,446250254336
1425.0548247080005,46235648,446250254336
1426.056935207991,46202880,446250254336
1427.0591544579947,46202880,446250254336
1428.0645066659927,46284800,446250254336
1429.0670037910022,46284800,446250254336
1430.072213708001,46284800,446250254336
1431.0746714159905,46301184,446250254336
1432.0799320829974,46333952,446250254336
1433.082454125004,46252032,446250254336
1434.0871270829957,46252032,446250254336
1435.0913332909986,46268416,446250254336
1436.0924159999995,46268416,446250254336
1437.0975979579962,46301184,446250254336
1438.0991826249956,46301184,446250254336
1439.1044032909995,46350336,446250254336
1440.1083297909936,46219264,446250254336
1441.114342624991,46301184,446250254336
1442.1196154159989,46071808,446250254336
1443.125136290997,46284800,446250254336
1444.125835999992,46317568,446250254336
1445.1312846660003,46628864,446250254336
1446.1337637910037,46661632,446250254336
1447.138922625003,46661632,446250254336
1448.1414716659929,46678016,446250254336
1449.1466701659956,46678016,446250254336
1450.1518429999996,46678016,446250254336
1451.1570273329999,46710784,446250254336
1452.160408458003,46710784,446250254336
1453.1657344159903,46710784,446250254336
1454.1693285410001,46710784,446250254336
1455.1745358749904,46514176,446250254336
1456.1797163750016,46530560,446250254336
1457.1849170409987,46530560,446250254336
1458.1852562909917,46530560,446250254336
1459.1904342909984,46481408,446250254336
1460.1938912500045,46465024,446250254336
1461.199128416003,46202880,446250254336
1462.2046382080007,46137344,446250254336
1463.2082993329968,46661632,446250254336
1464.2100143749994,46743552,446250254336
1465.2158279159921,46759936,446250254336
1466.220998040997,47054848,446250254336
1467.225007000001,47104000,446250254336
1468.2303138749994,47104000,446250254336
1469.2355317500042,47120384,446250254336
1470.2407405409904,47120384,446250254336
1471.2459330830025,46923776,446250254336
1472.2510980829975,46923776,446250254336
1473.2563253330009,46940160,446250254336
1474.2584017079935,46940160,446250254336
1475.2635756249947,46940160,446250254336
1476.2687372910004,46940160,446250254336
1477.2739544579963,46940160,446250254336
1478.2751185410016,46956544,446250254336
1479.276404749995,46956544,446250254336
1480.2815526249906,46956544,446250254336
1481.282987832994,46956544,446250254336
1482.2845602909947,46972928,446250254336
1483.2897418749926,46972928,446250254336
1484.2919653330027,46972928,446250254336
1485.297220458,46972928,446250254336
1486.3020943329902,46956544,446250254336
1487.3072840410023,46956544,446250254336
1488.308692874998,46579712,446250254336
1489.3092144580005,46546944,446250254336
1490.314620916004,46399488,446250254336
1491.321029083003,46399488,446250254336
1492.3253871249908,46448640,446250254336
1493.330747,46792704,446250254336
1494.3359767910006,47054848,446250254336
1495.341185790996,47087616,446250254336
1496.3421607909986,47071232,446250254336
1497.3453151249996,47087616,446250254336
1498.350502250003,47087616,446250254336
1499.355650832993,47136768,446250254336
1500.3588179159997,47136768,446250254336
1501.3643468749942,47136768,446250254336
1502.369490750003,47136768,446250254336
1503.3747002079908,47153152,446250254336
1504.3800370829995,47087616,446250254336
1505.3848697499925,47087616,446250254336
1506.3899678750022,47087616,446250254336
1507.392238415996,47120384,446250254336
1508.393088124998,47120384,446250254336
1509.3976735829929,47136768,446250254336
1510.3995439159917,47153152,446250254336
1511.4047127910017,47153152,446250254336
1512.4089861660032,47169536,446250254336
1513.4138480830006,47136768,446250254336
1514.4167388329952,47169536,446250254336
1515.4218899160041,47185920,446250254336
1516.425684457994,47202304,446250254336
1517.4261354999908,47218688,446250254336
1518.4313290409918,47218688,446250254336
1519.4365140409936,47316992,446250254336
1520.4416872500005,47333376,446250254336
1521.4471998329973,47333376,446250254336
1522.4497368329903,47071232,446250254336
1523.4550819159922,47071232,446250254336
1524.4591022499953,47071232,446250254336
1525.4611805829918,47071232,446250254336
1526.4663390409987,47071232,446250254336
1527.4715437080013,47071232,446250254336
1528.4767125829967,46858240,446250254336
1529.4820506249962,46891008,446250254336
1530.4866697499965,47284224,446250254336
1531.4881148330023,47120384,446250254336
1532.4925422910019,47120384,446250254336
1533.4959764999949,48070656,446250254336
1534.5011494999926,48054272,446250254336
1535.506285957992,48037888,446250254336
1536.5092470410018,48037888,446250254336
1537.5144240829977,48332800,446250254336
1538.5171253330045,48349184,446250254336
1539.521757208,48349184,446250254336
1540.525860624999,48349184,446250254336
1541.531047832992,48365568,446250254336
1542.536202999996,48365568,446250254336
1543.5393173749908,48349184,446250254336
1544.543767790994,48168960,446250254336
1545.5440181659942,47988736,446250254336
1546.5492102080025,48021504,446250254336
1547.5543636660004,47857664,446250254336
1548.5595036250015,47857664,446250254336
1549.561121915991,47693824,446250254336
1550.564429541002,47693824,446250254336
1551.5696319159906,47218688,446250254336
1552.5747724160028,47218688,446250254336
1553.5782483749936,46989312,446250254336
1554.5833197500033,46989312,446250254336
1555.5839811250044,46956544,446250254336
1556.5843855830026,46956544,446250254336
1557.5885632909922,46956544,446250254336
1558.5937238329934,47087616,446250254336
1559.598885332991,47087616,446250254336
1560.6007183750044,46907392,446250254336
1561.601831915992,46989312,446250254336
1562.6070291659998,46972928,446250254336
1563.6116703330044,46972928,446250254336
1564.6168354999973,46923776,446250254336
1565.621934875002,46923776,446250254336
1566.6262520409946,46940160,446251302912
1567.63120733299,46940160,446251302912
1568.6363490410004,46940160,446251302912
1569.6414653329994,46940160,446251302912
1570.644619832994,46940160,446251302912
1571.6497876249923,46956544,446251302912
1572.6528861660045,46956544,446251302912
1573.65806612499,46956544,446251302912
1574.6632789580035,46956544,446251302912
1575.668492249999,46776320,446251302912
1576.673692915996,46776320,446251302912
1577.6783529999957,46825472,446251302912
1578.6835364159924,46825472,446251302912
1579.688754207993,46825472,446251302912
1580.6931059579947,46825472,446251302912
1581.6950615829992,46825472,446251302912
1582.7002006249968,46841856,446251302912
1583.7053076250013,46874624,446251302912
1584.7098731659935,47071232,446251302912
1585.7124389579985,47071232,446251302912
1586.7165711249982,47071232,446251302912
1587.7217862910038,47071232,446251302912
1588.7265572909964,47071232,446251302912
1589.732095540996,46874624,446251302912
1590.737371915995,47071232,446251302912
1591.7425656659907,47071232,446251302912
1592.7432224999939,47022080,446251302912
1593.7483904580004,46923776,446251302912
1594.7535357909946,46825472,446251302912
1595.7586733329954,47022080,446251302912
1596.7630130409962,47022080,446251302912
1597.7676987500017,47022080,446251302912
1598.7728462910018,47038464,446251302912
1599.776596458003,47038464,446251302912
1600.781901208,47054848,446251302912
1601.7855740829982,47087616,446251302912
1602.7907762910036,47087616,446251302912
1603.7959779999946,47104000,446251302912
1604.8012404579931,47104000,446251302912
1605.8063847500016,47120384,446251302912
1606.809984374995,47120384,446251302912
1607.8153585410037,47120384,446251302912
1608.8205057500018,47120384,446251302912
1609.8257039579912,47104000,446251302912
1610.8267978749936,47104000,446251302912
1611.8281490410009,47022080,446251302912
1612.8333471660007,46858240,446251302912
1613.8345104159962,46596096,446251302912
1614.8399751660036,46661632,446251302912
1615.845194249996,46612480,446251302912
1616.8513438329974,46612480,446251302912
1617.8568079999968,46694400,446251302912
1618.8594116659951,46907392,446251302912
1619.8606524999923,46759936,446251302912
1620.8630164579954,46956544,446251302912
1621.8681728329975,46874624,446251302912
1622.873347457993,46874624,446251302912
1623.8770247909997,46792704,446251302912
1624.878438832995,46891008,446251302912
1625.8837943749968,47022080,446251302912
1626.8848239579966,47038464,446251302912
1627.887838249997,47431680,446251302912
1628.8933394579944,47300608,446251302912
1629.9024988750025,46759936,446251302912
1630.9077041659912,46972928,446251302912
1631.9101926250005,46825472,446251302912
1632.918362707991,46776320,446251302912
1633.9226352080004,46612480,446251302912
1634.9278906660038,46841856,446251302912
1635.9284595829959,46841856,446251302912
1636.930086332999,46809088,446251302912
1637.935240915991,46546944,446251302912
1638.9404250829975,46481408,446251302912
1639.9438474999915,46383104,446251302912
1640.949066250003,46350336,446251302912
1641.9499920829985,46661632,446251302912
1642.9551529579912,46661632,446251302912
1643.9595038749976,46514176,446251302912
1644.96195579099,46481408,446251302912
1645.9671556660032,46399488,446251302912
1646.968476915994,46415872,446251302912
1647.9736206660018,46448640,446251302912
1648.9772607909981,46448640,446251302912
1649.9825757910003,46448640,446251302912
1650.987839458001,46448640,446251302912
1651.9920360410033,46415872,446251302912
1652.9939129159902,46350336,446251302912
1653.9976990409923,46219264,446251302912
1655.0029798750038,46301184,446251302912
1656.004262040995,46317568,446251302912
1657.0048574999964,46317568,446251302912
1658.009647208004,46301184,446251302912
1659.0120460409962,46301184,446251302912
1660.0138178329944,46219264,446251302912
1661.0184679999948,46333952,446251302912
1662.02365787499,46301184,446251302912
1663.0274362909986,46284800,446251302912
1664.0298184999992,46284800,446251302912
1665.0349993749987,46235648,446251302912
1666.040192415996,46235648,446251302912
1667.045368416002,46235648,446251302912
1668.0505790000025,46235648,446251302912
1669.0558774999954,46333952,446251302912
1670.0597309580044,46284800,446251302912
1671.064881540995,46284800,446251302912
1672.0700399579946,46252032,446251302912
1673.0751248329907,46219264,446251302912
1674.0788578749925,46235648,446251302912
1675.0840368749923,46268416,446251302912
1676.0879885409959,46268416,446251302912
1677.0927030409948,46252032,446251302912
1678.0935398750007,46137344,446251302912
1679.0992444159929,46137344,446251302912
1680.102126333004,46170112,446251302912
1681.107278333002,46202880,446251302912
1682.110865583003,46186496,446251302912
1683.1160822079983,46170112,446251302912
1684.121554707992,46252032,446251302912
1685.1218031659955,46170112,446251302912
1686.124525207997,46252032,446251302912
1687.127768958002,46333952,446251302912
1688.131206207996,46301184,446251302912
1689.1354322909901,46645248,446251302912
1690.1385828749917,46645248,446251302912
1691.1435882079968,46628864,446251302912
1692.1459377080027,46579712,446251302912
1693.1511609159934,46383104,446251302912
1694.1562758329965,46612480,446251302912
1695.160776040997,46612480,446251302912
1696.1622142499982,46383104,446251302912
1697.1632654580026,46301184,446251302912
1698.168414749991,46252032,446251302912
1699.1710529999982,46284800,446251302912
1700.1758323329996,46284800,446251302912
1701.178797916,46366720,446251302912
1702.1839648750029,46317568,446251302912
1703.1892328329996,46333952,446251302912
1704.1944027499994,46366720,446251302912
1705.197023707995,46366720,446251302912
1706.2019352079951,46317568,446251302912
1707.2054408330005,46628864,446251302912
1708.2092462500004,46645248,446251302912
1709.2144079159916,46645248,446251302912
1710.2196060409915,46661632,446251302912
1711.22477341599,46678016,446251302912
1712.228024750002,46678016,446251302912
1713.2333365829982,46678016,446251302912
1714.2385214160022,46432256,446251302912
1715.2437184579903,46628864,446251302912
1716.2462110409979,46628864,446251302912
1717.251371958002,46628864,446251302912
1718.256547750003,46645248,446251302912
1719.261473874998,46645248,446251302912
1720.2621185829921,46678016,446251302912
1721.2672999579954,46710784,446251302912
1722.272486707996,46710784,446251302912
1723.277672915996,46710784,446251302912
1724.2796267910016,46448640,446251302912
1725.284752958003,46448640,446251302912
1726.2899473330035,46465024,446251302912
1727.2951386659988,46465024,446251302912
1728.295591874994,46432256,446251302912
1729.3007489579904,46432256,446251302912
1730.3059355000005,46415872,446251302912
1731.3111154159997,46546944,446251302912
1732.3116076659935,46546944,446251302912
1733.3169009999983,46546944,446251302912
1734.3197714159905,46546944,446251302912
1735.3249195410026,46579712,446251302912
1736.3253956249973,46448640,446251302912
1737.3299367500003,46465024,446251302912
1738.335073166003,46465024,446251302912
1739.3401992500003,46661632,446251302912
1740.3450229159935,46661632,446251302912
1741.3501382499962,46645248,446251302912
1742.3553568329953,46678016,446251302912
1743.355883540993,46645248,446251302912
1744.361131999991,46645248,446251302912
1745.3617822079977,46645248,446251302912
1746.3670783330017,46186496,446251302912
1747.369613582996,46186496,446251302912
1748.3748100410012,46596096,446251302912
1749.3785038329952,46596096,446251302912
1750.383826499994,46596096,446251302912
1751.3845126660017,46530560,446251302912
1752.3896910829935,46333952,446251302912
1753.3948445409915,46333952,446251302912
1754.3962727500038,46481408,446251302912
1755.401447540993,46481408,446251302912
1756.4066492499987,46481408,446251302912
1757.4118334160012,46481408,446251302912
1758.4166990410013,46399488,446251302912
1759.4218682079954,46399488,446251302912
1760.4270408329903,46399488,446251302912
1761.429789707996,46415872,446251302912
1762.4351067499956,46432256,446251302912
1763.4402709159913,46432256,446251302912
1764.445341832994,46399488,446251302912
1765.450542749997,46399488,446251302912
1766.4557227079931,46399488,446251302912
1767.460871000003,46399488,446251302912
1768.4620655000035,46350336,446251302912
1769.4673004159995,46350336,446251302912
1770.4698637499969,46350336,446251302912
1771.4735685829946,46350336,446251302912
1772.4787784999935,46202880,446251302912
1773.4839572499914,46333952,446251302912
1774.486609790998,46366720,446251302912
1775.4917754999915,46366720,446251302912
1776.495454916003,46383104,446251302912
1777.4971880410012,47579136,446251302912
1778.5023594160011,47579136,446251302912
1779.5075588750042,47529984,446251302912
1780.512961415996,47579136,446251302912
1781.5200068330014,46792704,446251302912
1782.525157750002,46923776,446251302912
1783.5299960409902,47104000,446251302912
1784.5308096249937,47300608,446251302912
1785.535940707996,47218688,446251302912
1786.5397179580032,47235072,446251302912
1787.5450129579986,47251456,446251302912
1788.5455942909903,46907392,446251302912
1789.5508460830024,46923776,446251302912
1790.5560186249932,46923776,446251302912
1791.5611982499977,46727168,446251302912
1792.5623228329932,46546944,446251302912
1793.5674925409985,46530560,446251302912
1794.5701111249946,46514176,446251302912
1795.5732069579972,46563328,446251302912
1796.5785509999987,46415872,446251302912
1797.5837746659963,46415872,446251302912
1798.5889273749926,46350336,446251302912
1799.5911374159914,46432256,446251302912
